"State","County","Year","Days with AQI","Good Days","Moderate Days","Unhealthy for Sensitive Groups Days","Unhealthy Days","Very Unhealthy Days","Hazardous Days","Max AQI","90th Percentile AQI","Median AQI","Days CO","Days NO2","Days Ozone","Days PM2.5","Days PM10"
"Alabama","Baldwin",2026,85,68,17,0,0,0,0,74,55,39,0,0,17,68,0
"Alabama","Clay",2026,87,56,31,0,0,0,0,81,65,40,0,0,0,87,0
"Alabama","DeKalb",2026,90,61,29,0,0,0,0,74,65,43,0,0,47,43,0
"Alabama","Etowah",2026,90,54,36,0,0,0,0,99,68,47,0,0,11,79,0
"Alabama","Jefferson",2026,91,40,51,0,0,0,0,90,69,52,1,4,15,71,0
"Alabama","Mobile",2026,90,57,33,0,0,0,0,71,57,43,0,0,14,76,0
"Alabama","Montgomery",2026,86,45,41,0,0,0,0,94,65,48,0,0,7,79,0
"Alabama","Morgan",2026,90,52,37,1,0,0,0,141,66,43,0,0,15,75,0
"Alabama","Russell",2026,51,34,17,0,0,0,0,97,65,45,0,0,22,29,0
"Alabama","Shelby",2026,31,29,2,0,0,0,0,54,45,38,0,0,31,0,0
"Alabama","Sumter",2026,90,57,33,0,0,0,0,68,58,43,0,1,13,76,0
"Alabama","Tuscaloosa",2026,90,55,33,1,1,0,0,154,65,43,0,0,12,78,0
"Alaska","Anchorage ",2026,80,76,4,0,0,0,0,71,31,6,0,0,0,0,80
"Alaska","Denali ",2026,120,118,2,0,0,0,0,58,45,41,0,0,120,0,0
"Alaska","Fairbanks North Star ",2026,90,33,57,0,0,0,0,99,75,54,0,0,0,90,0
"Alaska","Juneau ",2026,90,76,14,0,0,0,0,80,52,23,0,0,0,90,0
"Arizona","Apache",2026,36,36,0,0,0,0,0,19,14,8,0,0,0,6,30
"Arizona","Cochise",2026,118,108,9,1,0,0,0,116,50,43,0,0,111,0,7
"Arizona","Coconino",2026,120,99,21,0,0,0,0,87,58,45,0,0,120,0,0
"Arizona","Gila",2026,90,71,18,0,1,0,0,153,62,43,0,0,82,0,8
"Arizona","La Paz",2026,90,85,5,0,0,0,0,86,49,41,0,0,83,4,3
"Arizona","Maricopa",2026,151,22,123,6,0,0,0,118,90,71,0,0,77,36,38
"Arizona","Mohave",2026,86,86,0,0,0,0,0,40,22,10,0,0,0,0,86
"Arizona","Navajo",2026,59,58,1,0,0,0,0,53,19,12,0,0,0,0,59
"Arizona","Pima",2026,91,66,24,1,0,0,0,142,60,45,1,0,50,25,15
"Arizona","Pinal",2026,90,26,58,3,2,1,0,274,95,58,0,0,18,23,49
"Arizona","Santa Cruz",2026,90,26,64,0,0,0,0,94,73,54,0,0,0,77,13
"Arizona","Yavapai",2026,90,81,9,0,0,0,0,61,51,43,0,0,90,0,0
"Arizona","Yuma",2026,150,81,65,4,0,0,0,133,84,50,0,0,114,13,23
"Arkansas","Arkansas",2026,28,21,7,0,0,0,0,60,56,38,0,0,0,28,0
"Arkansas","Ashley",2026,28,20,8,0,0,0,0,70,56,41,0,0,0,28,0
"Arkansas","Clark",2026,89,86,3,0,0,0,0,58,47,36,0,0,89,0,0
"Arkansas","Crittenden",2026,90,79,11,0,0,0,0,80,52,36,0,12,60,18,0
"Arkansas","Garland",2026,28,20,8,0,0,0,0,81,63,41,0,0,0,28,0
"Arkansas","Jackson",2026,27,17,10,0,0,0,0,61,58,43,0,0,0,27,0
"Arkansas","Newton",2026,83,68,14,1,0,0,0,115,64,40,0,0,83,0,0
"Arkansas","Polk",2026,29,16,13,0,0,0,0,76,62,47,0,0,0,29,0
"Arkansas","Pulaski",2026,91,38,53,0,0,0,0,79,66,52,1,0,24,66,0
"Arkansas","Union",2026,28,21,7,0,0,0,0,66,54,38,0,0,0,28,0
"Arkansas","Washington",2026,90,76,13,1,0,0,0,118,61,39,0,0,77,13,0
"California","Amador",2026,28,28,0,0,0,0,0,37,35,24,0,0,28,0,0
"California","Butte",2026,45,21,24,0,0,0,0,84,78,53,0,0,6,39,0
"California","Calaveras",2026,31,23,8,0,0,0,0,56,54,35,0,0,12,19,0
"California","Colusa",2026,90,76,14,0,0,0,0,63,55,20,0,0,14,76,0
"California","Del Norte",2026,89,69,20,0,0,0,0,78,56,35,0,0,0,89,0
"California","El Dorado",2026,31,31,0,0,0,0,0,44,42,37,0,0,30,0,1
"California","Fresno",2026,149,60,76,13,0,0,0,132,97,55,0,0,78,70,1
"California","Glenn",2026,31,20,11,0,0,0,0,61,56,42,0,0,9,22,0
"California","Humboldt",2026,90,80,10,0,0,0,0,68,51,35,0,0,55,27,8
"California","Imperial",2026,20,12,8,0,0,0,0,63,58,43,0,0,0,20,0
"California","Inyo",2026,120,63,57,0,0,0,0,97,69,50,0,0,72,46,2
"California","Kern",2026,119,36,70,13,0,0,0,135,105,59,0,0,0,119,0
"California","Kings",2026,90,22,68,0,0,0,0,97,80,58,0,0,0,90,0
"California","Lake",2026,14,14,0,0,0,0,0,46,38,18,0,0,0,14,0
"California","Los Angeles",2026,120,23,79,14,3,1,0,204,122,62,0,0,58,57,5
"California","Mariposa",2026,117,112,5,0,0,0,0,90,47,42,0,0,117,0,0
"California","Monterey",2026,91,78,13,0,0,0,0,62,52,35,1,0,47,43,0
"California","Nevada",2026,90,90,0,0,0,0,0,42,32,14,0,0,0,90,0
"California","Orange",2026,120,52,62,5,1,0,0,159,87,52,0,5,67,47,1
"California","Placer",2026,120,79,41,0,0,0,0,77,67,45,0,0,68,52,0
"California","Plumas",2026,92,20,68,4,0,0,0,125,95,72,0,0,0,92,0
"California","Riverside",2026,147,31,94,18,4,0,0,190,112,64,0,0,90,50,7
"California","Sacramento",2026,73,39,34,0,0,0,0,99,80,48,1,0,18,54,0
"California","San Benito",2026,120,113,7,0,0,0,0,67,48,39,0,0,112,8,0
"California","San Bernardino",2026,121,30,74,12,4,1,0,201,105,58,1,8,62,47,3
"California","San Diego",2026,149,122,27,0,0,0,0,74,52,43,0,0,75,74,0
"California","San Joaquin",2026,90,49,41,0,0,0,0,90,80,48,0,0,32,58,0
"California","San Luis Obispo",2026,90,53,37,0,0,0,0,97,61,48,0,0,35,54,1
"California","Santa Barbara",2026,91,66,25,0,0,0,0,64,56,43,1,0,42,48,0
"California","Santa Cruz",2026,90,71,19,0,0,0,0,58,53,40,0,0,37,53,0
"California","Shasta",2026,115,113,2,0,0,0,0,84,46,40,0,0,115,0,0
"California","Solano",2026,14,14,0,0,0,0,0,16,13,6,0,0,0,0,14
"California","Sonoma",2026,90,90,0,0,0,0,0,17,14,8,0,0,0,0,90
"California","Stanislaus",2026,19,13,6,0,0,0,0,96,85,35,0,0,0,19,0
"California","Sutter",2026,31,10,21,0,0,0,0,82,79,65,0,0,6,25,0
"California","Trinity",2026,28,23,5,0,0,0,0,66,63,25,0,0,0,28,0
"California","Tulare",2026,120,52,68,0,0,0,0,99,85,55,0,0,52,68,0
"California","Tuolumne",2026,30,30,0,0,0,0,0,36,34,27,0,0,30,0,0
"California","Ventura",2026,31,29,2,0,0,0,0,62,44,39,0,0,26,5,0
"California","Yolo",2026,42,26,16,0,0,0,0,74,67,36,0,0,10,20,12
"Colorado","Adams",2026,120,97,23,0,0,0,0,83,55,43,0,23,35,27,35
"Colorado","Alamosa",2026,117,105,11,0,0,1,0,266,51,27,0,0,0,83,34
"Colorado","Arapahoe",2026,120,104,16,0,0,0,0,93,53,44,0,0,83,37,0
"Colorado","Archuleta",2026,120,85,35,0,0,0,0,93,71,45,0,0,110,6,4
"Colorado","Boulder",2026,120,110,10,0,0,0,0,77,50,41,0,0,70,38,12
"Colorado","Clear Creek",2026,51,45,6,0,0,0,0,58,51,47,0,0,51,0,0
"Colorado","Delta",2026,120,110,10,0,0,0,0,63,47,31,0,0,0,92,28
"Colorado","Denver",2026,121,101,20,0,0,0,0,66,52,43,0,53,26,42,0
"Colorado","Douglas",2026,120,107,13,0,0,0,0,71,51,42,0,0,81,39,0
"Colorado","El Paso",2026,120,115,5,0,0,0,0,67,49,42,0,0,84,17,19
"Colorado","Fremont",2026,120,115,5,0,0,0,0,53,31,15,0,0,0,68,52
"Colorado","Gilpin",2026,82,76,6,0,0,0,0,64,49,45,0,0,82,0,0
"Colorado","Gunnison",2026,88,82,6,0,0,0,0,64,49,45,0,0,88,0,0
"Colorado","Jefferson",2026,90,81,9,0,0,0,0,77,51,46,0,0,90,0,0
"Colorado","La Plata",2026,118,93,25,0,0,0,0,87,61,44,0,0,107,11,0
"Colorado","Larimer",2026,120,79,39,1,1,0,0,165,64,48,0,0,105,15,0
"Colorado","Mesa",2026,120,106,14,0,0,0,0,62,52,39,0,0,51,69,0
"Colorado","Montezuma",2026,120,102,18,0,0,0,0,93,61,44,0,0,120,0,0
"Colorado","Pitkin",2026,120,120,0,0,0,0,0,44,36,18,0,0,0,63,57
"Colorado","Prowers",2026,120,113,6,0,1,0,0,156,43,23,0,0,0,76,44
"Colorado","Pueblo",2026,120,115,5,0,0,0,0,87,47,38,0,0,84,19,17
"Colorado","Routt",2026,117,117,0,0,0,0,0,39,33,21,0,0,0,109,8
"Colorado","San Miguel",2026,118,118,0,0,0,0,0,47,33,16,0,0,0,58,60
"Colorado","Weld",2026,120,95,24,0,1,0,0,157,55,43,0,1,54,65,0
"Connecticut","Windham",2026,90,90,0,0,0,0,0,47,42,36,0,0,90,0,0
"Country Of Mexico","SONORA",2026,90,23,63,4,0,0,0,135,92,61,0,0,12,36,42
"District Of Columbia","District of Columbia",2026,152,86,65,1,0,0,0,115,66,48,1,7,81,63,0
"Florida","Alachua",2026,90,76,14,0,0,0,0,60,52,39,0,0,47,43,0
"Florida","Baker",2026,90,66,24,0,0,0,0,84,55,44,0,0,33,57,0
"Florida","Bay",2026,90,61,29,0,0,0,0,93,60,45,0,0,31,59,0
"Florida","Brevard",2026,90,82,8,0,0,0,0,80,49,43,0,0,75,15,0
"Florida","Broward",2026,91,79,12,0,0,0,0,90,53,44,1,6,45,39,0
"Florida","Citrus",2026,70,64,6,0,0,0,0,54,50,40,0,0,0,70,0
"Florida","Collier",2026,90,82,8,0,0,0,0,70,50,39,0,0,53,37,0
"Florida","Columbia",2026,90,51,39,0,0,0,0,80,60,48,0,0,22,68,0
"Florida","Duval",2026,91,50,41,0,0,0,0,75,60,48,1,0,15,75,0
"Florida","Escambia",2026,90,63,27,0,0,0,0,77,57,44,0,0,41,49,0
"Florida","Flagler",2026,87,86,1,0,0,0,0,71,44,37,0,0,87,0,0
"Florida","Hamilton",2026,83,48,34,0,1,0,0,166,59,47,0,0,0,83,0
"Florida","Highlands",2026,89,83,6,0,0,0,0,64,47,40,0,0,89,0,0
"Florida","Hillsborough",2026,91,57,33,1,0,0,0,102,57,47,1,0,30,60,0
"Florida","Holmes",2026,90,58,32,0,0,0,0,71,62,42,0,0,30,60,0
"Florida","Indian River",2026,78,75,3,0,0,0,0,71,47,43,0,0,78,0,0
"Florida","Lake",2026,90,87,3,0,0,0,0,67,48,39,0,0,90,0,0
"Florida","Lee",2026,90,83,7,0,0,0,0,78,49,40,0,0,70,20,0
"Florida","Leon",2026,89,44,44,1,0,0,0,117,64,51,0,0,16,73,0
"Florida","Liberty",2026,89,87,1,1,0,0,0,101,46,38,0,0,89,0,0
"Florida","Manatee",2026,90,85,5,0,0,0,0,77,46,39,0,0,90,0,0
"Florida","Marion",2026,90,56,34,0,0,0,0,84,55,47,0,0,25,65,0
"Florida","Martin",2026,90,80,10,0,0,0,0,64,52,41,0,0,54,36,0
"Florida","Miami-Dade",2026,91,62,29,0,0,0,0,80,55,44,1,8,27,55,0
"Florida","Okaloosa",2026,90,87,3,0,0,0,0,80,46,38,0,0,90,0,0
"Florida","Orange",2026,91,69,22,0,0,0,0,97,56,43,1,4,30,56,0
"Florida","Osceola",2026,90,80,10,0,0,0,0,64,51,39,0,0,56,34,0
"Florida","Palm Beach",2026,90,80,10,0,0,0,0,80,52,42,0,0,50,40,0
"Florida","Pasco",2026,90,84,6,0,0,0,0,87,48,39,0,0,90,0,0
"Florida","Pinellas",2026,91,66,24,0,1,0,0,153,58,43,1,0,47,43,0
"Florida","Polk",2026,88,84,4,0,0,0,0,64,49,38,0,0,88,0,0
"Florida","Putnam",2026,85,84,1,0,0,0,0,55,38,21,0,0,0,0,85
"Florida","Santa Rosa",2026,90,70,20,0,0,0,0,84,54,42,0,0,54,36,0
"Florida","Sarasota",2026,90,75,15,0,0,0,0,73,54,43,0,0,46,44,0
"Florida","Seminole",2026,90,81,9,0,0,0,0,74,51,40,0,0,67,23,0
"Florida","St. Lucie",2026,87,83,4,0,0,0,0,71,44,38,0,0,87,0,0
"Florida","Volusia",2026,90,74,15,1,0,0,0,104,54,42,0,0,49,41,0
"Florida","Wakulla",2026,91,80,11,0,0,0,0,95,54,37,3,0,48,40,0
"Georgia","Bibb",2026,120,32,81,6,1,0,0,165,89,57,0,0,6,114,0
"Georgia","Chatham",2026,120,65,54,1,0,0,0,103,69,48,0,0,15,105,0
"Georgia","Clarke",2026,120,54,64,2,0,0,0,115,79,54,0,0,29,91,0
"Georgia","Clayton",2026,18,10,8,0,0,0,0,71,64,40,0,0,0,18,0
"Georgia","Cobb",2026,61,54,7,0,0,0,0,84,54,41,0,0,61,0,0
"Georgia","Coffee",2026,120,70,43,5,2,0,0,175,81,44,0,0,0,120,0
"Georgia","Dawson",2026,61,50,11,0,0,0,0,80,54,41,0,0,61,0,0
"Georgia","DeKalb",2026,121,64,57,0,0,0,0,100,72,49,1,12,25,83,0
"Georgia","Dougherty",2026,120,53,63,2,2,0,0,168,72,52,0,0,0,120,0
"Georgia","Douglas",2026,61,50,11,0,0,0,0,90,61,43,0,0,61,0,0
"Georgia","Floyd",2026,118,68,50,0,0,0,0,87,65,43,0,0,0,118,0
"Georgia","Fulton",2026,121,73,46,1,1,0,0,156,67,46,1,15,34,71,0
"Georgia","Glynn",2026,120,80,38,0,2,0,0,160,61,43,0,0,26,94,0
"Georgia","Gwinnett",2026,118,53,65,0,0,0,0,100,77,52,0,0,36,82,0
"Georgia","Hall",2026,112,61,51,0,0,0,0,86,68,46,0,0,0,112,0
"Georgia","Henry",2026,114,84,30,0,0,0,0,97,62,40,0,0,38,76,0
"Georgia","Houston",2026,114,61,52,1,0,0,0,138,72,49,0,0,0,114,0
"Georgia","Lowndes",2026,120,62,55,2,1,0,0,172,72,50,0,0,0,120,0
"Georgia","Murray",2026,61,46,15,0,0,0,0,77,71,45,0,0,61,0,0
"Georgia","Muscogee",2026,120,52,65,2,1,0,0,158,78,53,0,0,22,98,0
"Georgia","Pike",2026,89,81,8,0,0,0,0,87,49,40,0,0,89,0,0
"Georgia","Richmond",2026,120,48,69,3,0,0,0,133,83,55,0,0,23,97,0
"Georgia","Rockdale",2026,59,48,11,0,0,0,0,90,61,42,0,0,59,0,0
"Georgia","Walker",2026,120,67,53,0,0,0,0,96,68,47,0,0,0,120,0
"Georgia","Washington",2026,120,73,46,1,0,0,0,110,71,45,0,0,0,120,0
"Hawaii","Hawaii",2026,120,103,17,0,0,0,0,69,53,36,0,0,0,120,0
"Hawaii","Honolulu",2026,91,85,6,0,0,0,0,57,47,39,1,0,45,30,15
"Hawaii","Maui",2026,90,88,2,0,0,0,0,52,39,26,0,0,0,90,0
"Idaho","Ada",2026,90,74,16,0,0,0,0,86,57,20,0,0,0,90,0
"Idaho","Bannock",2026,121,98,22,0,1,0,0,195,54,28,0,0,0,100,21
"Idaho","Benewah",2026,89,36,53,0,0,0,0,87,73,53,0,0,0,89,0
"Idaho","Blaine",2026,90,87,3,0,0,0,0,71,41,22,0,0,0,90,0
"Idaho","Boise",2026,90,60,30,0,0,0,0,71,59,42,0,0,0,90,0
"Idaho","Bonner",2026,89,54,35,0,0,0,0,71,61,42,0,0,0,88,1
"Idaho","Bonneville",2026,88,84,4,0,0,0,0,54,42,19,0,0,0,88,0
"Idaho","Boundary",2026,150,149,1,0,0,0,0,61,32,15,0,0,0,150,0
"Idaho","Butte",2026,116,112,4,0,0,0,0,87,48,39,0,0,116,0,0
"Idaho","Canyon",2026,90,48,42,0,0,0,0,86,77,46,0,0,0,85,5
"Idaho","Franklin",2026,5,4,1,0,0,0,0,58,58,20,0,0,0,5,0
"Idaho","Idaho",2026,90,62,28,0,0,0,0,87,63,44,0,0,29,61,0
"Idaho","Kootenai",2026,90,77,13,0,0,0,0,77,53,32,0,0,0,90,0
"Idaho","Latah",2026,85,85,0,0,0,0,0,47,32,22,0,0,0,85,0
"Idaho","Lemhi",2026,90,57,33,0,0,0,0,89,64,38,0,0,0,90,0
"Idaho","Nez Perce",2026,90,66,24,0,0,0,0,85,59,35,0,0,0,90,0
"Idaho","Shoshone",2026,89,46,43,0,0,0,0,92,67,50,0,0,0,89,0
"Idaho","Twin Falls",2026,87,77,10,0,0,0,0,63,52,23,0,0,0,87,0
"Idaho","Valley",2026,90,57,33,0,0,0,0,70,62,44,0,0,0,90,0
"Illinois","Adams",2026,61,53,8,0,0,0,0,97,54,41,0,0,61,0,0
"Illinois","Champaign",2026,120,90,30,0,0,0,0,67,59,40,0,0,66,54,0
"Illinois","Cook",2026,121,50,71,0,0,0,0,99,74,53,1,9,24,85,2
"Illinois","DuPage",2026,120,89,31,0,0,0,0,82,59,39,0,0,36,84,0
"Illinois","Effingham",2026,61,52,9,0,0,0,0,80,51,42,0,0,61,0,0
"Illinois","Hamilton",2026,120,74,46,0,0,0,0,76,61,45,0,0,39,81,0
"Illinois","Jersey",2026,120,83,37,0,0,0,0,87,59,41,0,0,43,77,0
"Illinois","Jo Daviess",2026,89,87,2,0,0,0,0,67,43,34,0,0,89,0,0
"Illinois","Kane",2026,120,82,38,0,0,0,0,93,66,41,0,0,33,87,0
"Illinois","Lake",2026,57,52,5,0,0,0,0,58,49,40,0,0,57,0,0
"Illinois","Macon",2026,120,89,31,0,0,0,0,64,58,40,0,0,37,83,0
"Illinois","Macoupin",2026,120,118,2,0,0,0,0,67,45,13,0,61,59,0,0
"Illinois","Madison",2026,120,62,58,0,0,0,0,87,67,50,0,0,29,91,0
"Illinois","McHenry",2026,120,93,27,0,0,0,0,80,60,40,0,0,47,73,0
"Illinois","McLean",2026,120,89,31,0,0,0,0,71,57,40,0,0,44,76,0
"Illinois","Peoria",2026,120,75,45,0,0,0,0,75,63,44,0,0,35,85,0
"Illinois","Randolph",2026,120,84,36,0,0,0,0,87,59,44,0,0,41,79,0
"Illinois","Rock Island",2026,120,93,27,0,0,0,0,98,61,40,0,0,36,84,0
"Illinois","Saint Clair",2026,120,77,43,0,0,0,0,72,64,44,0,4,30,86,0
"Illinois","Sangamon",2026,120,90,30,0,0,0,0,70,58,40,0,0,45,75,0
"Illinois","Will",2026,120,83,37,0,0,0,0,84,59,40,0,0,35,85,0
"Illinois","Winnebago",2026,120,87,33,0,0,0,0,89,65,41,0,0,40,80,0
"Indiana","Allen",2026,120,69,51,0,0,0,0,82,69,46,0,0,43,77,0
"Indiana","Bartholomew",2026,151,105,46,0,0,0,0,75,58,44,0,0,91,60,0
"Indiana","Boone",2026,118,115,3,0,0,0,0,74,44,33,0,0,118,0,0
"Indiana","Brown",2026,151,140,11,0,0,0,0,71,48,36,0,0,151,0,0
"Indiana","Carroll",2026,116,113,3,0,0,0,0,67,44,34,0,0,116,0,0
"Indiana","Clark",2026,149,92,57,0,0,0,0,97,69,45,0,0,87,62,0
"Indiana","Delaware",2026,120,78,42,0,0,0,0,78,62,42,0,0,58,62,0
"Indiana","Dubois",2026,90,53,37,0,0,0,0,72,63,45,0,0,0,90,0
"Indiana","Elkhart",2026,151,102,49,0,0,0,0,85,60,40,0,0,53,98,0
"Indiana","Floyd",2026,134,86,47,1,0,0,0,119,61,44,0,0,72,62,0
"Indiana","Greene",2026,140,102,38,0,0,0,0,77,62,43,0,0,90,50,0
"Indiana","Hamilton",2026,151,125,26,0,0,0,0,77,55,38,0,0,73,78,0
"Indiana","Hendricks",2026,150,136,14,0,0,0,0,77,50,35,0,0,150,0,0
"Indiana","Henry",2026,89,56,33,0,0,0,0,76,63,41,0,0,0,89,0
"Indiana","Howard",2026,120,81,39,0,0,0,0,65,58,42,0,0,49,71,0
"Indiana","Knox",2026,90,88,2,0,0,0,0,67,44,33,0,0,90,0,0
"Indiana","LaPorte",2026,120,91,29,0,0,0,0,80,62,39,0,0,69,51,0
"Indiana","Lake",2026,120,66,54,0,0,0,0,91,63,46,0,0,34,86,0
"Indiana","Madison",2026,149,110,39,0,0,0,0,79,59,39,0,0,54,95,0
"Indiana","Marion",2026,151,83,68,0,0,0,0,94,69,47,0,0,62,89,0
"Indiana","Monroe",2026,120,77,43,0,0,0,0,81,64,42,0,0,0,120,0
"Indiana","Perry",2026,149,134,15,0,0,0,0,87,51,38,0,0,149,0,0
"Indiana","Porter",2026,120,89,31,0,0,0,0,81,63,39,0,0,59,56,5
"Indiana","Posey",2026,151,136,15,0,0,0,0,71,50,37,0,0,151,0,0
"Indiana","Shelby",2026,151,138,13,0,0,0,0,74,49,36,0,0,151,0,0
"Indiana","Spencer",2026,90,51,39,0,0,0,0,73,63,45,0,0,0,90,0
"Indiana","St. Joseph",2026,151,111,40,0,0,0,0,77,59,39,0,2,62,87,0
"Indiana","Tippecanoe",2026,116,82,34,0,0,0,0,70,58,39,0,0,0,116,0
"Indiana","Vanderburgh",2026,151,86,65,0,0,0,0,92,65,47,0,0,74,77,0
"Indiana","Vigo",2026,151,105,45,1,0,0,0,101,61,43,0,0,98,53,0
"Indiana","Wabash",2026,89,88,1,0,0,0,0,54,43,33,0,0,89,0,0
"Indiana","Warrick",2026,148,145,3,0,0,0,0,64,46,35,0,0,148,0,0
"Indiana","Whitley",2026,90,46,44,0,0,0,0,85,70,49,0,0,0,90,0
"Iowa","Black Hawk",2026,148,61,87,0,0,0,0,85,63,52,0,0,0,148,0
"Iowa","Bremer",2026,91,80,11,0,0,0,0,100,54,38,0,0,91,0,0
"Iowa","Clinton",2026,151,99,50,2,0,0,0,101,66,43,0,0,62,89,0
"Iowa","Harrison",2026,91,78,13,0,0,0,0,100,61,39,0,0,91,0,0
"Iowa","Johnson",2026,151,119,32,0,0,0,0,90,55,36,0,0,0,151,0
"Iowa","Linn",2026,151,103,45,3,0,0,0,115,65,43,0,0,65,86,0
"Iowa","Montgomery",2026,151,115,36,0,0,0,0,84,56,44,0,0,47,104,0
"Iowa","Muscatine",2026,151,93,58,0,0,0,0,86,57,46,0,0,0,151,0
"Iowa","Palo Alto",2026,151,122,28,1,0,0,0,105,55,38,0,0,69,82,0
"Iowa","Polk",2026,151,104,46,1,0,0,0,105,64,43,0,0,68,83,0
"Iowa","Pottawattamie",2026,41,30,11,0,0,0,0,63,58,34,0,0,0,41,0
"Iowa","Scott",2026,152,95,55,2,0,0,0,126,71,44,1,1,71,52,27
"Iowa","Van Buren",2026,150,121,29,0,0,0,0,71,54,41,0,0,62,88,0
"Iowa","Webster",2026,151,111,40,0,0,0,0,80,59,39,0,0,0,129,22
"Iowa","Woodbury",2026,112,92,19,1,0,0,0,105,61,39,0,0,84,28,0
"Kansas","Douglas",2026,88,84,3,1,0,0,0,129,44,33,0,0,88,0,0
"Kansas","Ford",2026,90,75,14,1,0,0,0,135,55,26,0,0,0,59,31
"Kansas","Johnson",2026,90,57,32,1,0,0,0,112,61,41,0,0,36,54,0
"Kansas","Leavenworth",2026,90,87,2,1,0,0,0,101,42,32,0,0,90,0,0
"Kansas","Neosho",2026,90,49,39,2,0,0,0,119,70,47,0,0,33,56,1
"Kansas","Sedgwick",2026,90,44,46,0,0,0,0,92,72,52,0,0,22,64,4
"Kansas","Shawnee",2026,90,59,31,0,0,0,0,100,67,40,0,0,39,51,0
"Kansas","Sherman",2026,90,84,5,1,0,0,0,109,44,22,0,0,0,55,35
"Kansas","Sumner",2026,90,48,40,2,0,0,0,148,69,47,0,0,24,55,11
"Kansas","Trego",2026,90,75,15,0,0,0,0,97,55,36,0,0,65,20,5
"Kansas","Wyandotte",2026,90,59,30,1,0,0,0,119,62,41,0,2,32,54,2
"Kentucky","Bell",2026,90,44,46,0,0,0,0,94,70,51,0,0,8,82,0
"Kentucky","Boone",2026,31,27,4,0,0,0,0,77,54,36,0,0,31,0,0
"Kentucky","Boyd",2026,90,64,26,0,0,0,0,68,59,42,0,1,20,68,1
"Kentucky","Bullitt",2026,31,27,4,0,0,0,0,61,51,39,0,0,31,0,0
"Kentucky","Campbell",2026,90,69,21,0,0,0,0,72,58,39,0,0,24,66,0
"Kentucky","Carter",2026,90,79,11,0,0,0,0,71,53,35,0,0,23,67,0
"Kentucky","Christian",2026,90,64,26,0,0,0,0,81,63,35,0,0,0,90,0
"Kentucky","Daviess",2026,90,52,38,0,0,0,0,74,65,45,0,0,13,77,0
"Kentucky","Edmonson",2026,117,107,10,0,0,0,0,74,50,38,0,0,117,0,0
"Kentucky","Fayette",2026,90,61,29,0,0,0,0,72,62,39,0,3,18,69,0
"Kentucky","Greenup",2026,31,30,1,0,0,0,0,54,45,37,0,0,31,0,0
"Kentucky","Hancock",2026,31,28,3,0,0,0,0,64,50,38,0,0,31,0,0
"Kentucky","Hardin",2026,90,57,33,0,0,0,0,70,63,41,0,0,15,75,0
"Kentucky","Jessamine",2026,90,64,26,0,0,0,0,70,61,40,0,0,16,74,0
"Kentucky","Livingston",2026,31,27,4,0,0,0,0,87,58,41,0,0,31,0,0
"Kentucky","McCracken",2026,89,59,30,0,0,0,0,80,59,39,0,18,18,53,0
"Kentucky","Morgan",2026,89,87,2,0,0,0,0,64,47,37,0,0,89,0,0
"Kentucky","Oldham",2026,31,28,3,0,0,0,0,61,50,39,0,0,31,0,0
"Kentucky","Perry",2026,90,73,17,0,0,0,0,76,59,39,0,0,16,74,0
"Kentucky","Pike",2026,90,68,22,0,0,0,0,68,57,36,0,0,14,76,0
"Kentucky","Pulaski",2026,89,50,38,1,0,0,0,131,64,46,0,0,9,80,0
"Kentucky","Simpson",2026,31,29,2,0,0,0,0,67,46,37,0,0,31,0,0
"Kentucky","Warren",2026,90,55,35,0,0,0,0,75,65,42,0,0,13,77,0
"Kentucky","Washington",2026,90,84,6,0,0,0,0,71,46,37,0,0,90,0,0
"Louisiana","Ascension",2026,150,142,7,1,0,0,0,101,47,36,0,0,150,0,0
"Louisiana","Bossier",2026,151,87,64,0,0,0,0,84,60,48,0,0,67,83,1
"Louisiana","Caddo",2026,149,141,8,0,0,0,0,80,47,36,0,0,149,0,0
"Louisiana","Calcasieu",2026,151,97,53,1,0,0,0,108,60,46,0,0,47,104,0
"Louisiana","East Baton Rouge",2026,152,106,46,0,0,0,0,97,63,44,1,1,68,82,0
"Louisiana","Iberville",2026,151,140,10,1,0,0,0,126,49,40,0,0,151,0,0
"Louisiana","Jefferson",2026,151,109,41,1,0,0,0,122,61,44,0,0,73,78,0
"Louisiana","Lafayette",2026,151,135,15,1,0,0,0,101,51,41,0,0,122,29,0
"Louisiana","Lafourche",2026,151,125,26,0,0,0,0,77,54,40,0,0,80,71,0
"Louisiana","Livingston",2026,149,95,54,0,0,0,0,93,58,46,0,1,49,99,0
"Louisiana","Orleans",2026,152,108,44,0,0,0,0,80,56,43,1,13,0,138,0
"Louisiana","Ouachita",2026,151,93,58,0,0,0,0,92,63,46,0,0,55,96,0
"Louisiana","Pointe Coupee",2026,151,141,10,0,0,0,0,80,48,38,0,0,151,0,0
"Louisiana","St. Bernard",2026,151,116,35,0,0,0,0,100,56,43,0,0,83,68,0
"Louisiana","St. James",2026,145,138,6,1,0,0,0,112,45,35,0,0,145,0,0
"Louisiana","St. John the Baptist",2026,150,144,6,0,0,0,0,71,46,37,0,0,150,0,0
"Louisiana","St. Martin",2026,145,138,7,0,0,0,0,77,47,38,0,0,145,0,0
"Louisiana","St. Tammany",2026,150,131,17,2,0,0,0,119,54,41,0,0,150,0,0
"Louisiana","West Baton Rouge",2026,151,98,53,0,0,0,0,85,61,47,0,0,46,105,0
"Maine","Androscoggin",2026,150,133,17,0,0,0,0,64,53,38,0,0,88,60,2
"Maine","Aroostook",2026,90,75,15,0,0,0,0,75,56,32,0,0,0,83,7
"Maine","Cumberland",2026,151,106,45,0,0,0,0,90,62,39,0,0,82,59,10
"Maine","Hancock",2026,152,144,8,0,0,0,0,64,46,39,1,0,145,6,0
"Maine","Kennebec",2026,151,132,19,0,0,0,0,67,52,37,0,0,82,66,3
"Maine","Knox",2026,149,142,7,0,0,0,0,71,45,38,0,0,149,0,0
"Maine","Oxford",2026,151,121,30,0,0,0,0,79,55,39,0,0,78,73,0
"Maine","Penobscot",2026,138,120,18,0,0,0,0,76,53,37,0,0,86,50,2
"Maine","Sagadahoc",2026,100,97,3,0,0,0,0,71,45,39,0,0,100,0,0
"Maine","Washington",2026,151,143,8,0,0,0,0,58,45,38,0,0,138,13,0
"Maine","York",2026,134,132,2,0,0,0,0,71,44,37,0,0,134,0,0
"Maryland","Anne Arundel",2026,41,40,1,0,0,0,0,61,44,34,0,0,31,0,10
"Maryland","Baltimore",2026,90,47,43,0,0,0,0,78,69,49,0,2,19,69,0
"Maryland","Baltimore (City)",2026,90,49,41,0,0,0,0,75,65,48,0,8,8,74,0
"Maryland","Calvert",2026,30,30,0,0,0,0,0,50,46,40,0,0,30,0,0
"Maryland","Carroll",2026,31,30,1,0,0,0,0,61,44,39,0,0,31,0,0
"Maryland","Cecil",2026,89,60,29,0,0,0,0,73,61,41,0,0,26,63,0
"Maryland","Charles",2026,30,29,1,0,0,0,0,58,48,40,0,0,30,0,0
"Maryland","Dorchester",2026,90,79,11,0,0,0,0,66,52,40,0,0,59,31,0
"Maryland","Frederick",2026,31,31,0,0,0,0,0,48,41,36,0,0,31,0,0
"Maryland","Garrett",2026,90,86,4,0,0,0,0,61,46,38,0,0,74,16,0
"Maryland","Harford",2026,88,57,31,0,0,0,0,70,60,43,0,0,23,65,0
"Maryland","Howard",2026,91,65,26,0,0,0,0,68,56,35,1,35,0,55,0
"Maryland","Kent",2026,87,67,20,0,0,0,0,65,56,39,0,0,24,63,0
"Maryland","Montgomery",2026,88,65,23,0,0,0,0,66,57,40,0,0,24,64,0
"Maryland","Prince George's",2026,91,66,25,0,0,0,0,64,57,42,1,1,49,40,0
"Maryland","Washington",2026,89,67,22,0,0,0,0,80,61,38,0,0,25,64,0
"Massachusetts","Barnstable",2026,52,52,0,0,0,0,0,43,41,37,0,0,52,0,0
"Massachusetts","Berkshire",2026,59,42,17,0,0,0,0,66,57,37,0,1,28,30,0
"Massachusetts","Bristol",2026,59,49,10,0,0,0,0,69,57,37,0,0,36,23,0
"Massachusetts","Dukes",2026,59,59,0,0,0,0,0,43,42,36,0,0,59,0,0
"Massachusetts","Essex",2026,59,40,19,0,0,0,0,81,58,42,0,0,25,34,0
"Massachusetts","Franklin",2026,64,37,27,0,0,0,0,77,58,47,0,0,17,47,0
"Massachusetts","Hampden",2026,64,43,21,0,0,0,0,90,58,41,0,5,21,38,0
"Massachusetts","Hampshire",2026,59,55,4,0,0,0,0,64,49,36,0,0,41,18,0
"Massachusetts","Middlesex",2026,59,43,16,0,0,0,0,80,56,41,0,0,26,33,0
"Massachusetts","Norfolk",2026,59,52,7,0,0,0,0,74,54,37,0,4,34,21,0
"Massachusetts","Plymouth",2026,59,47,12,0,0,0,0,74,54,36,0,0,34,25,0
"Massachusetts","Suffolk",2026,69,37,32,0,0,0,0,84,62,46,1,7,6,55,0
"Massachusetts","Worcester",2026,60,50,10,0,0,0,0,71,54,40,1,2,26,27,4
"Michigan","Allegan",2026,90,60,30,0,0,0,0,83,62,41,0,4,19,67,0
"Michigan","Bay",2026,90,53,37,0,0,0,0,88,66,43,0,0,0,90,0
"Michigan","Berrien",2026,31,31,0,0,0,0,0,45,43,37,0,0,31,0,0
"Michigan","Genesee",2026,42,23,19,0,0,0,0,67,58,49,0,0,5,37,0
"Michigan","Ingham",2026,80,63,17,0,0,0,0,88,64,35,0,7,42,31,0
"Michigan","Kalamazoo",2026,90,58,32,0,0,0,0,89,69,37,0,0,0,90,0
"Michigan","Kent",2026,91,48,43,0,0,0,0,99,69,48,1,6,9,75,0
"Michigan","Lenawee",2026,90,59,31,0,0,0,0,86,65,35,0,0,0,90,0
"Michigan","Macomb",2026,90,62,27,1,0,0,0,124,67,38,0,0,18,72,0
"Michigan","Manistee",2026,89,72,17,0,0,0,0,93,59,19,0,0,0,89,0
"Michigan","Marquette",2026,90,86,4,0,0,0,0,66,42,14,0,0,0,90,0
"Michigan","Missaukee",2026,86,77,9,0,0,0,0,66,51,38,0,1,68,17,0
"Michigan","Muskegon",2026,31,30,1,0,0,0,0,51,44,38,0,0,31,0,0
"Michigan","Oakland",2026,78,52,25,1,0,0,0,120,67,40,0,0,15,63,0
"Michigan","Ottawa",2026,81,57,24,0,0,0,0,82,61,29,0,0,0,81,0
"Michigan","Schoolcraft",2026,89,85,4,0,0,0,0,60,41,21,0,0,0,89,0
"Michigan","St. Clair",2026,90,61,29,0,0,0,0,99,68,38,0,0,16,74,0
"Michigan","Tuscola",2026,84,84,0,0,0,0,0,42,39,34,0,0,84,0,0
"Michigan","Washtenaw",2026,90,58,32,0,0,0,0,93,69,38,0,0,48,42,0
"Michigan","Wayne",2026,91,15,74,2,0,0,0,120,81,60,1,4,1,85,0
"Michigan","Wexford",2026,88,88,0,0,0,0,0,49,42,36,0,0,88,0,0
"Minnesota","Saint Louis",2026,120,120,0,0,0,0,0,48,42,35,0,0,120,0,0
"Mississippi","Bolivar",2026,151,103,48,0,0,0,0,77,61,44,0,0,55,96,0
"Mississippi","DeSoto",2026,151,100,51,0,0,0,0,80,59,45,0,0,47,104,0
"Mississippi","Forrest",2026,151,88,63,0,0,0,0,99,62,47,0,0,0,151,0
"Mississippi","Hancock",2026,151,102,49,0,0,0,0,90,59,44,0,0,56,95,0
"Mississippi","Harrison",2026,151,98,53,0,0,0,0,92,59,44,0,0,57,94,0
"Mississippi","Hinds",2026,152,86,65,1,0,0,0,102,66,49,1,0,43,108,0
"Mississippi","Jackson",2026,151,105,46,0,0,0,0,77,58,43,0,0,58,93,0
"Mississippi","Lee",2026,92,85,7,0,0,0,0,71,49,40,0,0,92,0,0
"Mississippi","Yalobusha",2026,67,65,2,0,0,0,0,74,48,37,0,0,67,0,0
"Missouri","Andrew",2026,34,31,3,0,0,0,0,74,48,41,0,0,34,0,0
"Missouri","Boone",2026,33,30,3,0,0,0,0,93,48,41,0,0,33,0,0
"Missouri","Buchanan",2026,90,58,32,0,0,0,0,75,65,41,0,0,0,81,9
"Missouri","Callaway",2026,34,29,5,0,0,0,0,87,54,43,0,0,34,0,0
"Missouri","Cass",2026,90,69,20,1,0,0,0,112,56,39,0,0,28,62,0
"Missouri","Cedar",2026,90,55,35,0,0,0,0,99,62,41,0,0,21,69,0
"Missouri","Clay",2026,90,76,13,1,0,0,0,119,55,37,0,0,33,57,0
"Missouri","Clinton",2026,34,31,3,0,0,0,0,100,49,41,0,0,34,0,0
"Missouri","Greene",2026,90,47,42,1,0,0,0,101,72,49,0,0,22,68,0
"Missouri","Jackson",2026,91,52,39,0,0,0,0,76,63,46,1,4,0,72,14
"Missouri","Jasper",2026,90,76,14,0,0,0,0,100,59,31,0,0,36,0,54
"Missouri","Jefferson",2026,90,70,20,0,0,0,0,84,59,39,0,3,23,64,0
"Missouri","Lincoln",2026,33,29,4,0,0,0,0,97,51,39,0,0,33,0,0
"Missouri","Monroe",2026,90,86,3,1,0,0,0,112,44,34,0,1,89,0,0
"Missouri","Perry",2026,41,37,4,0,0,0,0,77,49,38,0,0,41,0,0
"Missouri","Saint Charles",2026,90,86,4,0,0,0,0,84,45,17,0,57,33,0,0
"Missouri","Saint Louis",2026,90,63,27,0,0,0,0,90,62,41,0,10,24,56,0
"Missouri","Sainte Genevieve",2026,41,37,4,0,0,0,0,80,50,38,0,0,41,0,0
"Missouri","St. Louis City",2026,91,34,57,0,0,0,0,94,76,55,1,0,15,66,9
"Montana","Flathead",2026,118,118,0,0,0,0,0,50,43,34,0,0,118,0,0
"Montana","Gallatin",2026,121,121,0,0,0,0,0,29,13,5,36,59,0,26,0
"Nebraska","Cass",2026,122,117,5,0,0,0,0,73,44,19,0,0,0,0,122
"Nebraska","Douglas",2026,91,78,12,1,0,0,0,108,56,35,1,0,44,28,18
"Nebraska","Gage",2026,104,93,11,0,0,0,0,81,53,21,0,0,0,104,0
"Nebraska","Hall",2026,151,139,12,0,0,0,0,90,49,31,0,0,80,71,0
"Nebraska","Knox",2026,88,88,0,0,0,0,0,44,39,34,0,0,88,0,0
"Nebraska","Lancaster",2026,49,42,7,0,0,0,0,64,52,35,0,0,30,19,0
"Nebraska","Sarpy",2026,90,83,7,0,0,0,0,72,47,25,0,0,0,90,0
"Nebraska","Scotts Bluff",2026,82,79,2,0,1,0,0,162,27,11,0,0,0,82,0
"Nebraska","Washington",2026,90,86,4,0,0,0,0,76,41,13,0,0,0,90,0
"Nevada","Clark",2026,121,30,91,0,0,0,0,97,86,58,1,0,60,49,11
"Nevada","Washoe",2026,91,51,40,0,0,0,0,69,64,47,1,0,36,53,1
"Nevada","White Pine",2026,115,107,8,0,0,0,0,84,49,43,0,0,115,0,0
"New Hampshire","Belknap",2026,90,74,16,0,0,0,0,69,55,39,0,0,29,61,0
"New Hampshire","Cheshire",2026,90,61,29,0,0,0,0,67,58,41,0,0,44,46,0
"New Hampshire","Coos",2026,91,85,6,0,0,0,0,54,49,45,2,0,89,0,0
"New Hampshire","Grafton",2026,90,77,13,0,0,0,0,59,54,41,0,0,54,36,0
"New Hampshire","Hillsborough",2026,91,87,4,0,0,0,0,55,45,40,1,0,79,10,1
"New Hampshire","Merrimack",2026,31,31,0,0,0,0,0,46,42,38,0,0,31,0,0
"New Hampshire","Rockingham",2026,91,83,8,0,0,0,0,82,50,40,1,0,64,24,2
"New Jersey","Atlantic",2026,90,69,21,0,0,0,0,64,54,38,0,0,49,41,0
"New Jersey","Bergen",2026,91,62,29,0,0,0,0,97,61,40,1,34,10,46,0
"New Jersey","Camden",2026,91,40,50,1,0,0,0,109,68,52,1,4,15,69,2
"New Jersey","Cumberland",2026,88,56,32,0,0,0,0,71,60,43,0,1,29,58,0
"New Jersey","Essex",2026,32,31,1,0,0,0,0,58,40,32,0,0,32,0,0
"New Jersey","Gloucester",2026,90,61,29,0,0,0,0,72,59,41,0,0,24,66,0
"New Jersey","Hudson",2026,91,57,34,0,0,0,0,89,59,43,1,25,15,50,0
"New Jersey","Hunterdon",2026,90,60,30,0,0,0,0,74,58,40,0,0,40,50,0
"New Jersey","Mercer",2026,90,59,31,0,0,0,0,80,63,43,0,0,43,47,0
"New Jersey","Middlesex",2026,90,71,19,0,0,0,0,78,54,36,0,9,44,37,0
"New Jersey","Monmouth",2026,40,34,6,0,0,0,0,74,54,44,0,0,40,0,0
"New Jersey","Morris",2026,67,48,19,0,0,0,0,87,57,41,0,2,40,25,0
"New Jersey","Ocean",2026,90,61,29,0,0,0,0,67,58,43,0,0,22,68,0
"New Jersey","Passaic",2026,89,61,27,1,0,0,0,141,62,35,0,0,1,88,0
"New Jersey","Union",2026,91,59,32,0,0,0,0,93,62,43,1,31,0,59,0
"New Jersey","Warren",2026,90,63,27,0,0,0,0,98,65,40,0,8,40,42,0
"New Mexico","Bernalillo",2026,91,38,52,1,0,0,0,113,69,53,1,0,26,45,19
"New Mexico","Dona Ana",2026,90,47,39,1,3,0,0,181,80,49,0,3,27,36,24
"New Mexico","Eddy",2026,119,90,28,1,0,0,0,101,77,45,0,0,119,0,0
"New Mexico","Lea",2026,90,65,24,1,0,0,0,127,61,41,0,5,59,26,0
"New Mexico","Luna",2026,90,83,4,2,1,0,0,154,47,14,0,0,0,0,90
"New Mexico","Rio Arriba",2026,89,86,3,0,0,0,0,51,48,43,0,0,89,0,0
"New Mexico","San Juan",2026,120,101,19,0,0,0,0,97,61,44,0,0,119,0,1
"New Mexico","Sandoval",2026,87,87,0,0,0,0,0,49,46,38,0,0,87,0,0
"New Mexico","Santa Fe",2026,90,85,5,0,0,0,0,54,49,41,0,0,78,12,0
"New Mexico","Taos",2026,90,87,3,0,0,0,0,52,31,20,0,0,0,90,0
"New Mexico","Valencia",2026,88,87,1,0,0,0,0,51,45,37,0,0,88,0,0
"New York","Albany",2026,151,104,46,1,0,0,0,105,63,40,0,0,91,60,0
"New York","Bronx",2026,151,82,67,2,0,0,0,119,74,47,0,4,55,92,0
"New York","Chautauqua",2026,148,139,9,0,0,0,0,77,46,36,0,0,144,4,0
"New York","Dutchess",2026,149,141,7,1,0,0,0,126,45,36,0,0,149,0,0
"New York","Erie",2026,152,108,44,0,0,0,0,82,64,44,1,1,76,74,0
"New York","Essex",2026,151,135,16,0,0,0,0,67,51,43,0,0,142,9,0
"New York","Hamilton",2026,141,135,6,0,0,0,0,80,45,38,0,0,141,0,0
"New York","Jefferson",2026,147,144,3,0,0,0,0,61,44,36,0,0,147,0,0
"New York","Kings",2026,151,97,54,0,0,0,0,94,61,38,0,0,0,151,0
"New York","Monroe",2026,151,115,36,0,0,0,0,81,61,39,0,0,58,93,0
"New York","Nassau",2026,151,114,37,0,0,0,0,77,57,31,0,0,0,151,0
"New York","New York",2026,152,77,75,0,0,0,0,98,68,50,1,0,42,109,0
"New York","Niagara",2026,147,141,6,0,0,0,0,87,46,36,0,0,147,0,0
"New York","Oneida",2026,151,126,25,0,0,0,0,60,52,28,0,0,0,151,0
"New York","Onondaga",2026,151,127,24,0,0,0,0,85,54,39,0,0,102,49,0
"New York","Orange",2026,151,126,25,0,0,0,0,61,53,38,0,0,59,92,0
"New York","Oswego",2026,102,98,4,0,0,0,0,77,45,38,0,0,102,0,0
"New York","Putnam",2026,149,145,4,0,0,0,0,100,42,31,0,0,149,0,0
"New York","Queens",2026,152,90,62,0,0,0,0,92,63,45,1,16,14,121,0
"New York","Richmond",2026,151,95,56,0,0,0,0,97,62,44,0,0,69,82,0
"New York","Rockland",2026,150,127,22,1,0,0,0,133,52,39,0,0,98,52,0
"New York","Saratoga",2026,147,144,3,0,0,0,0,90,44,35,0,0,147,0,0
"New York","Steuben",2026,152,130,22,0,0,0,0,77,53,39,1,0,113,38,0
"New York","Suffolk",2026,152,106,46,0,0,0,0,100,64,43,1,0,96,55,0
"New York","Tompkins",2026,89,89,0,0,0,0,0,49,42,36,0,0,89,0,0
"New York","Wayne",2026,136,131,5,0,0,0,0,84,44,36,0,0,136,0,0
"New York","Westchester",2026,150,121,28,1,0,0,0,101,54,40,0,0,98,52,0
"North Carolina","Alexander",2026,59,40,19,0,0,0,0,90,67,45,0,0,59,0,0
"North Carolina","Avery",2026,61,48,13,0,0,0,0,80,64,44,0,0,61,0,0
"North Carolina","Buncombe",2026,120,67,53,0,0,0,0,84,67,48,0,0,36,84,0
"North Carolina","Caldwell",2026,61,51,10,0,0,0,0,80,61,44,0,0,61,0,0
"North Carolina","Carteret",2026,84,82,2,0,0,0,0,67,44,37,0,0,84,0,0
"North Carolina","Caswell",2026,59,45,13,1,0,0,0,101,67,44,0,0,59,0,0
"North Carolina","Catawba",2026,111,66,45,0,0,0,0,72,62,43,0,0,0,111,0
"North Carolina","Cumberland",2026,120,59,61,0,0,0,0,93,70,51,0,0,40,80,0
"North Carolina","Davidson",2026,113,54,59,0,0,0,0,78,67,52,0,0,0,113,0
"North Carolina","Durham",2026,120,69,51,0,0,0,0,90,66,47,0,0,41,79,0
"North Carolina","Edgecombe",2026,119,93,26,0,0,0,0,90,61,42,0,0,45,74,0
"North Carolina","Forsyth",2026,59,33,26,0,0,0,0,77,66,44,0,2,0,57,0
"North Carolina","Graham",2026,61,44,17,0,0,0,0,80,74,45,0,0,61,0,0
"North Carolina","Granville",2026,61,46,15,0,0,0,0,90,71,44,0,0,61,0,0
"North Carolina","Guilford",2026,120,77,43,0,0,0,0,100,66,45,0,0,43,77,0
"North Carolina","Haywood",2026,61,40,21,0,0,0,0,90,80,47,0,0,61,0,0
"North Carolina","Johnston",2026,120,83,37,0,0,0,0,84,60,44,0,0,43,77,0
"North Carolina","Lenoir",2026,61,48,13,0,0,0,0,100,67,44,0,0,61,0,0
"North Carolina","Lincoln",2026,61,45,16,0,0,0,0,97,71,44,0,0,61,0,0
"North Carolina","Macon",2026,89,89,0,0,0,0,0,50,45,38,0,0,89,0,0
"North Carolina","Martin",2026,61,48,13,0,0,0,0,77,61,44,0,0,61,0,0
"North Carolina","Mecklenburg",2026,152,79,72,1,0,0,0,105,71,49,1,3,60,88,0
"North Carolina","Mitchell",2026,120,101,19,0,0,0,0,61,53,28,0,0,0,120,0
"North Carolina","Montgomery",2026,118,97,21,0,0,0,0,71,54,39,0,0,60,58,0
"North Carolina","New Hanover",2026,117,76,41,0,0,0,0,87,64,44,0,0,42,75,0
"North Carolina","Northampton",2026,119,91,28,0,0,0,0,68,56,28,0,0,0,119,0
"North Carolina","Person",2026,60,43,17,0,0,0,0,97,74,45,0,0,60,0,0
"North Carolina","Pitt",2026,119,90,29,0,0,0,0,93,61,43,0,0,49,70,0
"North Carolina","Rockingham",2026,61,44,17,0,0,0,0,97,67,46,0,0,61,0,0
"North Carolina","Rowan",2026,120,77,42,1,0,0,0,101,71,45,0,0,68,52,0
"North Carolina","Swain",2026,120,81,39,0,0,0,0,74,61,46,0,0,37,83,0
"North Carolina","Union",2026,55,41,13,1,0,0,0,101,80,46,0,0,55,0,0
"North Carolina","Wake",2026,120,62,58,0,0,0,0,97,67,49,0,0,55,65,0
"North Carolina","Yancey",2026,34,21,13,0,0,0,0,84,74,48,0,0,34,0,0
"North Dakota","Billings",2026,89,89,0,0,0,0,0,44,39,33,0,3,75,11,0
"North Dakota","Burke",2026,90,89,1,0,0,0,0,51,39,32,0,0,75,15,0
"North Dakota","Burleigh",2026,111,107,4,0,0,0,0,63,42,28,1,2,27,80,1
"North Dakota","Cass",2026,90,84,6,0,0,0,0,62,47,34,0,1,60,29,0
"North Dakota","Dunn",2026,90,85,5,0,0,0,0,56,41,33,0,0,75,15,0
"North Dakota","McKenzie",2026,90,84,6,0,0,0,0,60,41,33,0,0,76,14,0
"North Dakota","Mercer",2026,90,83,7,0,0,0,0,68,42,31,0,0,64,26,0
"North Dakota","Oliver",2026,90,90,0,0,0,0,0,48,39,33,0,0,81,9,0
"North Dakota","Ward",2026,90,85,5,0,0,0,0,55,42,32,0,0,71,19,0
"Ohio","Allen",2026,70,61,9,0,0,0,0,64,52,39,0,0,51,19,0
"Ohio","Ashtabula",2026,61,58,3,0,0,0,0,77,47,40,0,0,61,0,0
"Ohio","Athens",2026,120,108,12,0,0,0,0,66,51,31,0,0,0,120,0
"Ohio","Butler",2026,120,46,74,0,0,0,0,93,74,55,0,0,27,93,0
"Ohio","Clark",2026,115,76,39,0,0,0,0,90,63,44,0,0,47,68,0
"Ohio","Clermont",2026,6,3,3,0,0,0,0,58,58,53,0,0,0,6,0
"Ohio","Clinton",2026,61,54,7,0,0,0,0,77,58,40,0,0,61,0,0
"Ohio","Columbiana",2026,20,20,0,0,0,0,0,21,20,14,0,0,0,0,20
"Ohio","Cuyahoga",2026,121,48,73,0,0,0,0,93,74,55,1,3,30,79,8
"Ohio","Delaware",2026,61,55,6,0,0,0,0,64,50,39,0,0,61,0,0
"Ohio","Franklin",2026,120,61,59,0,0,0,0,81,71,50,0,1,35,84,0
"Ohio","Geauga",2026,57,51,6,0,0,0,0,100,61,42,0,0,57,0,0
"Ohio","Greene",2026,61,50,11,0,0,0,0,97,58,42,0,0,61,0,0
"Ohio","Hamilton",2026,121,60,61,0,0,0,0,93,71,51,1,3,41,76,0
"Ohio","Jefferson",2026,120,65,55,0,0,0,0,78,66,48,0,0,35,85,0
"Ohio","Knox",2026,61,54,7,0,0,0,0,71,51,40,0,0,61,0,0
"Ohio","Lake",2026,120,85,35,0,0,0,0,80,65,41,0,0,44,76,0
"Ohio","Lawrence",2026,120,40,79,1,0,0,0,103,76,57,0,0,15,105,0
"Ohio","Licking",2026,61,54,7,0,0,0,0,71,51,40,0,0,61,0,0
"Ohio","Lorain",2026,61,58,3,0,0,0,0,71,47,38,0,0,61,0,0
"Ohio","Lucas",2026,121,62,59,0,0,0,0,95,70,48,0,0,33,88,0
"Ohio","Madison",2026,61,56,5,0,0,0,0,71,48,37,0,0,61,0,0
"Ohio","Mahoning",2026,120,80,40,0,0,0,0,80,61,42,0,0,47,73,0
"Ohio","Medina",2026,149,102,47,0,0,0,0,80,64,43,0,0,72,77,0
"Ohio","Miami",2026,61,55,6,0,0,0,0,71,50,40,0,0,61,0,0
"Ohio","Montgomery",2026,120,70,50,0,0,0,0,84,67,46,0,0,34,86,0
"Ohio","Noble",2026,85,82,3,0,0,0,0,71,44,35,0,0,85,0,0
"Ohio","Portage",2026,91,79,12,0,0,0,0,90,58,41,0,0,91,0,0
"Ohio","Preble",2026,121,98,23,0,0,0,0,69,56,38,2,0,84,35,0
"Ohio","Scioto",2026,120,40,78,1,0,1,0,241,75,57,0,0,0,116,4
"Ohio","Stark",2026,151,90,61,0,0,0,0,84,63,46,0,0,63,88,0
"Ohio","Summit",2026,151,104,47,0,0,0,0,77,61,43,0,0,70,80,1
"Ohio","Trumbull",2026,120,76,44,0,0,0,0,87,63,43,0,0,43,77,0
"Ohio","Warren",2026,120,82,37,1,0,0,0,105,64,43,0,0,46,74,0
"Ohio","Washington",2026,60,53,7,0,0,0,0,71,54,41,0,0,60,0,0
"Ohio","Wood",2026,61,59,2,0,0,0,0,54,48,37,0,0,61,0,0
"Oklahoma","Adair",2026,91,85,6,0,0,0,0,77,48,37,9,0,82,0,0
"Oklahoma","Canadian",2026,70,61,9,0,0,0,0,90,58,39,0,0,70,0,0
"Oklahoma","Carter",2026,101,79,22,0,0,0,0,83,56,33,0,0,0,101,0
"Oklahoma","Cleveland",2026,120,69,50,1,0,0,0,105,71,47,0,0,37,83,0
"Oklahoma","Comanche",2026,120,85,34,1,0,0,0,101,64,43,0,0,37,83,0
"Oklahoma","Creek",2026,64,60,4,0,0,0,0,74,49,40,0,0,64,0,0
"Oklahoma","Dewey",2026,120,91,29,0,0,0,0,87,64,41,0,0,50,70,0
"Oklahoma","Kay",2026,120,77,43,0,0,0,0,88,62,41,0,0,0,120,0
"Oklahoma","Kiowa",2026,61,53,8,0,0,0,0,84,58,41,0,0,61,0,0
"Oklahoma","Love",2026,64,51,13,0,0,0,0,97,61,41,0,0,64,0,0
"Oklahoma","Mayes",2026,30,27,3,0,0,0,0,74,67,42,0,0,30,0,0
"Oklahoma","McClain",2026,62,51,11,0,0,0,0,97,64,42,0,0,62,0,0
"Oklahoma","Nowata",2026,40,35,4,1,0,0,0,101,67,41,0,0,40,0,0
"Oklahoma","Oklahoma",2026,121,63,56,2,0,0,0,119,68,50,1,4,25,86,5
"Oklahoma","Osage",2026,62,55,6,1,0,0,0,112,51,42,0,0,62,0,0
"Oklahoma","Pittsburg",2026,120,64,55,1,0,0,0,104,76,49,0,0,31,89,0
"Oklahoma","Sequoyah",2026,90,51,38,1,0,0,0,110,69,43,0,4,9,77,0
"Oklahoma","Tulsa",2026,121,65,55,1,0,0,0,101,66,48,1,0,30,89,1
"Oregon","Crook",2026,90,57,33,0,0,0,0,79,66,40,0,0,0,90,0
"Oregon","Deschutes",2026,89,84,5,0,0,0,0,54,48,20,0,0,0,89,0
"Oregon","Harney",2026,90,51,39,0,0,0,0,77,69,48,0,0,0,90,0
"Oregon","Jackson",2026,90,54,36,0,0,0,0,84,74,38,0,0,0,90,0
"Oregon","Josephine",2026,90,48,41,1,0,0,0,119,70,48,0,0,0,90,0
"Oregon","Klamath",2026,90,47,43,0,0,0,0,81,70,49,0,0,0,90,0
"Oregon","Lake",2026,90,61,25,4,0,0,0,125,81,35,0,0,0,90,0
"Oregon","Lane",2026,90,48,41,1,0,0,0,103,77,47,0,0,0,90,0
"Oregon","Marion",2026,83,67,16,0,0,0,0,88,57,20,0,0,0,83,0
"Oregon","Multnomah",2026,91,80,11,0,0,0,0,77,54,34,1,0,42,48,0
"Oregon","Umatilla",2026,30,30,0,0,0,0,0,32,19,3,0,0,0,30,0
"Oregon","Union",2026,12,12,0,0,0,0,0,24,23,14,0,0,0,0,12
"Oregon","Washington",2026,91,64,27,0,0,0,0,74,58,36,1,2,29,59,0
"Pennsylvania","Adams",2026,91,90,1,0,0,0,0,61,44,38,2,0,89,0,0
"Pennsylvania","Allegheny",2026,91,48,40,2,1,0,0,160,71,50,1,1,36,53,0
"Pennsylvania","Cambria",2026,79,79,0,0,0,0,0,6,5,2,79,0,0,0,0
"Pennsylvania","Centre",2026,89,88,1,0,0,0,0,54,43,35,0,0,89,0,0
"Pennsylvania","Elk",2026,90,88,2,0,0,0,0,67,44,37,0,0,90,0,0
"Pennsylvania","Erie",2026,91,91,0,0,0,0,0,7,3,2,91,0,0,0,0
"Pennsylvania","Lackawanna",2026,85,85,0,0,0,0,0,7,6,3,85,0,0,0,0
"Pennsylvania","Mercer",2026,90,89,1,0,0,0,0,54,42,35,0,0,90,0,0
"Pennsylvania","Philadelphia",2026,91,27,64,0,0,0,0,97,78,57,1,2,11,77,0
"Pennsylvania","Somerset",2026,90,90,0,0,0,0,0,50,44,36,0,0,90,0,0
"Puerto Rico","Bayamon",2026,80,78,1,1,0,0,0,102,32,24,0,0,0,80,0
"Puerto Rico","Catano",2026,81,80,1,0,0,0,0,79,43,28,0,0,0,81,0
"Puerto Rico","Ponce",2026,44,43,1,0,0,0,0,54,5,2,44,0,0,0,0
"Rhode Island","Kent",2026,82,78,4,0,0,0,0,54,43,34,0,0,31,51,0
"Rhode Island","Providence",2026,91,53,38,0,0,0,0,82,59,47,1,1,26,63,0
"Rhode Island","Washington",2026,86,73,13,0,0,0,0,61,52,38,0,0,25,61,0
"South Carolina","Aiken",2026,65,49,16,0,0,0,0,97,74,44,0,0,65,0,0
"South Carolina","Anderson",2026,100,76,24,0,0,0,0,97,71,44,0,0,100,0,0
"South Carolina","Berkeley",2026,91,80,11,0,0,0,0,80,54,40,0,0,91,0,0
"South Carolina","Charleston",2026,151,86,64,0,1,0,0,189,62,45,0,0,41,109,1
"South Carolina","Chesterfield",2026,129,83,46,0,0,0,0,93,71,43,0,0,58,71,0
"South Carolina","Darlington",2026,99,79,20,0,0,0,0,93,71,44,0,0,99,0,0
"South Carolina","Edgefield",2026,130,65,63,2,0,0,0,137,73,51,0,0,48,82,0
"South Carolina","Florence",2026,123,67,56,0,0,0,0,80,64,44,0,0,0,123,0
"South Carolina","Greenville",2026,150,83,66,1,0,0,0,105,74,46,0,0,54,96,0
"South Carolina","Horry",2026,120,91,29,0,0,0,0,77,57,42,0,0,67,53,0
"South Carolina","Richland",2026,151,92,58,1,0,0,0,101,71,46,0,0,56,95,0
"South Carolina","Spartanburg",2026,151,83,68,0,0,0,0,97,75,47,0,0,51,100,0
"South Carolina","York",2026,103,90,13,0,0,0,0,93,54,41,0,0,103,0,0
"South Dakota","Brookings",2026,90,62,28,0,0,0,0,72,56,45,0,0,6,83,1
"South Dakota","Brown",2026,90,85,5,0,0,0,0,83,44,25,0,0,0,83,7
"South Dakota","Clay",2026,90,85,5,0,0,0,0,58,41,31,0,0,66,24,0
"South Dakota","Codington",2026,88,75,13,0,0,0,0,67,53,34,0,0,0,86,2
"South Dakota","Hughes",2026,82,78,4,0,0,0,0,61,39,22,0,0,0,82,0
"South Dakota","Minnehaha",2026,91,84,7,0,0,0,0,83,42,33,1,2,45,41,2
"Tennessee","Anderson",2026,31,28,3,0,0,0,0,84,50,42,0,0,31,0,0
"Tennessee","Blount",2026,120,68,52,0,0,0,0,87,66,49,0,0,56,64,0
"Tennessee","Claiborne",2026,86,83,3,0,0,0,0,67,46,38,0,0,86,0,0
"Tennessee","Davidson",2026,91,42,49,0,0,0,0,79,71,53,1,6,8,75,1
"Tennessee","DeKalb",2026,90,87,3,0,0,0,0,58,47,37,0,0,90,0,0
"Tennessee","Dyer",2026,90,68,22,0,0,0,0,67,55,34,0,0,0,90,0
"Tennessee","Hamilton",2026,90,42,47,1,0,0,0,121,76,52,0,0,10,80,0
"Tennessee","Jefferson",2026,31,28,3,0,0,0,0,67,50,41,0,0,31,0,0
"Tennessee","Knox",2026,151,93,58,0,0,0,0,90,64,46,0,0,64,87,0
"Tennessee","Lawrence",2026,90,58,32,0,0,0,0,73,60,38,0,0,0,90,0
"Tennessee","Loudon",2026,90,68,22,0,0,0,0,74,60,41,0,0,14,76,0
"Tennessee","Madison",2026,90,60,30,0,0,0,0,71,58,36,0,0,0,90,0
"Tennessee","Maury",2026,90,56,34,0,0,0,0,72,63,41,0,0,0,90,0
"Tennessee","McMinn",2026,85,55,30,0,0,0,0,78,63,39,0,0,0,85,0
"Tennessee","Montgomery",2026,90,60,30,0,0,0,0,71,60,39,0,0,0,90,0
"Tennessee","Putnam",2026,85,60,25,0,0,0,0,66,58,33,0,0,0,85,0
"Tennessee","Roane",2026,85,65,20,0,0,0,0,79,58,33,0,0,0,85,0
"Tennessee","Sevier",2026,119,104,15,0,0,0,0,87,54,44,0,0,119,0,0
"Tennessee","Sullivan",2026,90,70,20,0,0,0,0,67,56,38,0,0,20,70,0
"Tennessee","Sumner",2026,90,46,44,0,0,0,0,75,64,46,0,0,11,79,0
"Tennessee","Williamson",2026,31,28,3,0,0,0,0,64,48,41,0,0,31,0,0
"Tennessee","Wilson",2026,31,29,2,0,0,0,0,61,48,40,0,0,31,0,0
"Texas","Atascosa",2026,88,70,18,0,0,0,0,100,56,28,0,0,0,88,0
"Texas","Bell",2026,90,73,17,0,0,0,0,77,54,42,0,0,61,29,0
"Texas","Bexar",2026,91,41,49,0,1,0,0,160,65,52,1,2,28,59,1
"Texas","Bowie",2026,81,38,43,0,0,0,0,77,62,51,0,0,0,81,0
"Texas","Brazoria",2026,59,57,2,0,0,0,0,97,46,37,0,0,59,0,0
"Texas","Brazos",2026,88,70,18,0,0,0,0,89,55,38,0,0,0,88,0
"Texas","Brewster",2026,118,111,6,1,0,0,0,103,49,41,0,0,110,8,0
"Texas","Cameron",2026,90,43,44,3,0,0,0,128,85,51,0,0,22,68,0
"Texas","Collin",2026,89,81,8,0,0,0,0,71,50,36,0,0,89,0,0
"Texas","Dallas",2026,90,43,47,0,0,0,0,81,62,51,0,6,23,61,0
"Texas","Denton",2026,90,68,22,0,0,0,0,84,58,42,0,1,60,29,0
"Texas","Ector",2026,86,60,25,1,0,0,0,105,62,35,0,0,0,86,0
"Texas","El Paso",2026,91,22,59,7,0,0,3,424,101,67,1,1,9,27,53
"Texas","Ellis",2026,58,51,7,0,0,0,0,71,54,36,0,0,58,0,0
"Texas","Galveston",2026,59,51,8,0,0,0,0,65,54,42,0,0,40,19,0
"Texas","Gregg",2026,90,87,3,0,0,0,0,77,49,40,0,2,88,0,0
"Texas","Harris",2026,91,27,63,0,1,0,0,172,78,55,1,2,16,70,2
"Texas","Harrison",2026,90,49,37,0,2,2,0,259,66,48,0,0,27,63,0
"Texas","Hidalgo",2026,90,37,50,3,0,0,0,122,78,52,0,0,19,68,3
"Texas","Hood",2026,89,86,3,0,0,0,0,71,46,36,0,0,89,0,0
"Texas","Hunt",2026,90,86,4,0,0,0,0,58,47,35,0,1,89,0,0
"Texas","Jefferson",2026,59,32,27,0,0,0,0,74,63,46,0,0,12,47,0
"Texas","Johnson",2026,88,85,3,0,0,0,0,67,46,36,0,0,88,0,0
"Texas","Karnes",2026,90,90,0,0,0,0,0,29,20,9,0,90,0,0,0
"Texas","Kaufman",2026,90,74,16,0,0,0,0,61,57,41,0,1,54,35,0
"Texas","Lubbock",2026,71,62,9,0,0,0,0,59,52,21,0,0,0,71,0
"Texas","Maverick",2026,78,46,31,1,0,0,0,101,61,47,0,0,0,78,0
"Texas","McLennan",2026,90,58,32,0,0,0,0,71,55,44,3,0,31,56,0
"Texas","Montgomery",2026,59,31,28,0,0,0,0,89,69,49,0,0,20,39,0
"Texas","Navarro",2026,90,71,19,0,0,0,0,67,55,42,0,0,47,43,0
"Texas","Nueces",2026,90,42,46,1,1,0,0,153,76,52,0,0,30,59,1
"Texas","Orange",2026,59,41,18,0,0,0,0,74,59,42,0,0,26,33,0
"Texas","Parker",2026,89,87,2,0,0,0,0,64,47,36,0,0,89,0,0
"Texas","Polk",2026,77,70,7,0,0,0,0,84,50,40,0,0,77,0,0
"Texas","Potter",2026,90,85,5,0,0,0,0,63,43,16,0,0,0,90,0
"Texas","Randall",2026,82,78,4,0,0,0,0,71,48,41,0,0,82,0,0
"Texas","Rockwall",2026,88,87,1,0,0,0,0,51,45,33,0,0,88,0,0
"Texas","Smith",2026,90,86,4,0,0,0,0,77,48,39,0,0,90,0,0
"Texas","Tarrant",2026,91,49,42,0,0,0,0,89,63,49,1,3,31,56,0
"Texas","Travis",2026,91,44,47,0,0,0,0,84,63,51,1,1,31,58,0
"Texas","Victoria",2026,88,84,4,0,0,0,0,64,49,40,0,0,88,0,0
"Texas","Webb",2026,91,35,54,2,0,0,0,133,71,53,1,0,24,66,0
"Texas","Wilson",2026,88,88,0,0,0,0,0,34,22,9,0,88,0,0,0
"Utah","Box Elder",2026,151,116,35,0,0,0,0,84,61,43,0,2,119,30,0
"Utah","Cache",2026,151,121,30,0,0,0,0,93,57,43,0,0,112,39,0
"Utah","Carbon",2026,151,115,34,2,0,0,0,122,64,44,0,0,148,3,0
"Utah","Davis",2026,151,98,51,2,0,0,0,108,74,45,0,13,108,30,0
"Utah","Duchesne",2026,151,91,59,1,0,0,0,101,67,47,0,0,113,33,5
"Utah","Grand",2026,151,90,61,0,0,0,0,90,71,47,0,0,97,54,0
"Utah","Iron",2026,151,114,36,1,0,0,0,119,64,44,0,0,134,17,0
"Utah","Salt Lake",2026,152,75,74,3,0,0,0,112,80,51,1,5,94,46,6
"Utah","San Juan",2026,115,100,15,0,0,0,0,74,54,42,0,0,115,0,0
"Utah","Tooele",2026,151,129,22,0,0,0,0,79,53,40,0,0,99,52,0
"Utah","Uintah",2026,151,122,29,0,0,0,0,97,58,43,0,0,142,9,0
"Utah","Utah",2026,152,95,57,0,0,0,0,97,68,46,1,2,104,45,0
"Utah","Wasatch",2026,151,115,35,1,0,0,0,105,71,43,0,0,142,9,0
"Utah","Washington",2026,151,118,33,0,0,0,0,84,64,44,0,0,146,5,0
"Utah","Weber",2026,152,104,48,0,0,0,0,97,71,45,1,2,119,29,1
"Vermont","Bennington",2026,90,82,8,0,0,0,0,64,49,38,0,0,67,23,0
"Vermont","Chittenden",2026,91,88,3,0,0,0,0,54,46,40,1,0,77,13,0
"Vermont","Rutland",2026,90,58,32,0,0,0,0,75,63,42,0,0,39,50,1
"Virginia","Albemarle",2026,151,106,45,0,0,0,0,78,59,41,0,0,46,105,0
"Virginia","Arlington",2026,131,114,17,0,0,0,0,77,51,38,1,26,77,27,0
"Virginia","Bristol City",2026,57,41,16,0,0,0,0,67,57,34,0,0,0,57,0
"Virginia","Caroline",2026,59,55,4,0,0,0,0,64,48,40,0,0,59,0,0
"Virginia","Carroll",2026,18,18,0,0,0,0,0,17,14,7,0,0,0,0,18
"Virginia","Charles",2026,150,120,30,0,0,0,0,77,59,39,0,4,47,99,0
"Virginia","Chesterfield",2026,151,118,33,0,0,0,0,69,57,40,0,0,51,100,0
"Virginia","Fairfax",2026,151,108,43,0,0,0,0,80,63,43,0,9,61,81,0
"Virginia","Fauquier",2026,61,55,6,0,0,0,0,67,49,40,0,0,61,0,0
"Virginia","Frederick",2026,151,117,34,0,0,0,0,82,60,40,0,0,47,104,0
"Virginia","Giles",2026,88,87,1,0,0,0,0,51,47,39,0,0,88,0,0
"Virginia","Hampton City",2026,151,122,29,0,0,0,0,77,55,39,1,6,46,98,0
"Virginia","Hanover",2026,61,51,10,0,0,0,0,80,54,43,0,0,61,0,0
"Virginia","Henrico",2026,151,113,38,0,0,0,0,80,59,43,0,2,63,86,0
"Virginia","Hopewell City",2026,13,13,0,0,0,0,0,15,9,4,0,0,0,0,13
"Virginia","Loudoun",2026,144,112,32,0,0,0,0,78,59,40,0,5,73,66,0
"Virginia","Lynchburg City",2026,50,41,9,0,0,0,0,61,55,30,0,0,0,50,0
"Virginia","Madison",2026,136,113,23,0,0,0,0,87,54,42,0,0,95,41,0
"Virginia","Norfolk City",2026,146,119,27,0,0,0,0,78,55,32,1,15,0,101,29
"Virginia","Prince Edward",2026,87,84,3,0,0,0,0,71,45,39,0,0,87,0,0
"Virginia","Prince William",2026,120,115,5,0,0,0,0,74,46,37,0,3,117,0,0
"Virginia","Richmond City",2026,151,116,35,0,0,0,0,66,57,35,20,25,0,106,0
"Virginia","Roanoke",2026,151,120,31,0,0,0,0,71,59,38,0,0,49,102,0
"Virginia","Rockbridge",2026,60,55,5,0,0,0,0,67,50,41,0,0,60,0,0
"Virginia","Rockingham",2026,134,100,34,0,0,0,0,74,59,41,0,8,35,91,0
"Virginia","Salem City",2026,121,98,23,0,0,0,0,69,57,29,0,0,0,121,0
"Virginia","Stafford",2026,120,113,7,0,0,0,0,97,48,38,0,0,120,0,0
"Virginia","Suffolk City",2026,61,50,11,0,0,0,0,77,54,43,0,0,61,0,0
"Virginia","Virginia Beach City",2026,149,112,37,0,0,0,0,78,58,42,0,0,45,104,0
"Virginia","Wythe",2026,61,53,8,0,0,0,0,77,51,42,0,0,61,0,0
"Washington","Adams",2026,59,56,3,0,0,0,0,55,43,24,0,0,0,59,0
"Washington","Asotin",2026,59,25,34,0,0,0,0,81,66,53,0,0,0,59,0
"Washington","Benton",2026,59,43,16,0,0,0,0,69,60,34,0,0,0,59,0
"Washington","Chelan",2026,59,38,21,0,0,0,0,72,65,42,0,0,0,59,0
"Washington","Clallam",2026,54,37,17,0,0,0,0,62,59,38,0,0,8,46,0
"Washington","Clark",2026,59,35,23,1,0,0,0,116,74,48,0,0,0,59,0
"Washington","Columbia",2026,90,87,3,0,0,0,0,54,42,33,0,0,49,41,0
"Washington","Cowlitz",2026,59,47,12,0,0,0,0,64,57,30,0,0,0,59,0
"Washington","Franklin",2026,59,52,7,0,0,0,0,61,52,31,0,0,0,59,0
"Washington","Garfield",2026,59,56,3,0,0,0,0,54,42,19,0,0,0,59,0
"Washington","Grant",2026,59,44,15,0,0,0,0,62,55,37,0,0,0,59,0
"Washington","Grays Harbor",2026,59,55,4,0,0,0,0,78,46,22,0,0,0,59,0
"Washington","Jefferson",2026,59,53,6,0,0,0,0,58,52,22,0,0,0,59,0
"Washington","King",2026,59,40,19,0,0,0,0,89,70,39,0,1,3,55,0
"Washington","Kitsap",2026,59,53,6,0,0,0,0,58,53,22,0,0,0,59,0
"Washington","Kittitas",2026,59,44,15,0,0,0,0,90,64,34,0,0,0,59,0
"Washington","Lewis",2026,59,46,13,0,0,0,0,83,64,27,0,0,0,59,0
"Washington","Mason",2026,59,44,15,0,0,0,0,71,60,29,0,0,0,59,0
"Washington","Okanogan",2026,59,21,38,0,0,0,0,90,69,54,0,0,0,59,0
"Washington","Pacific",2026,59,59,0,0,0,0,0,40,30,14,0,0,0,59,0
"Washington","Pierce",2026,59,45,13,1,0,0,0,104,82,44,0,0,44,15,0
"Washington","Skagit",2026,59,57,2,0,0,0,0,52,46,19,0,0,0,59,0
"Washington","Snohomish",2026,59,30,28,1,0,0,0,107,77,49,0,0,0,59,0
"Washington","Spokane",2026,59,40,19,0,0,0,0,71,63,42,0,0,0,59,0
"Washington","Stevens",2026,59,37,22,0,0,0,0,72,65,42,0,0,0,55,4
"Washington","Thurston",2026,31,21,10,0,0,0,0,75,65,32,0,0,0,31,0
"Washington","Walla Walla",2026,59,45,14,0,0,0,0,62,57,33,0,0,0,56,3
"Washington","Whatcom",2026,59,50,9,0,0,0,0,61,52,26,0,0,0,59,0
"Washington","Whitman",2026,59,57,2,0,0,0,0,52,44,18,0,0,0,59,0
"Washington","Yakima",2026,59,25,34,0,0,0,0,85,76,53,0,0,0,59,0
"West Virginia","Berkeley",2026,49,37,12,0,0,0,0,82,66,38,0,0,28,21,0
"West Virginia","Brooke",2026,75,48,27,0,0,0,0,67,58,34,0,0,0,75,0
"West Virginia","Cabell",2026,90,56,34,0,0,0,0,75,62,44,0,0,12,78,0
"West Virginia","Gilmer",2026,26,25,1,0,0,0,0,51,45,38,0,0,26,0,0
"West Virginia","Greenbrier",2026,31,31,0,0,0,0,0,45,43,37,0,0,31,0,0
"West Virginia","Hancock",2026,90,64,26,0,0,0,0,71,57,41,0,0,23,67,0
"West Virginia","Harrison",2026,27,20,7,0,0,0,0,60,55,39,0,0,0,27,0
"West Virginia","Kanawha",2026,91,60,31,0,0,0,0,66,58,45,1,0,21,69,0
"West Virginia","Marion",2026,29,18,11,0,0,0,0,62,59,43,0,0,0,29,0
"West Virginia","Marshall",2026,27,16,11,0,0,0,0,66,61,40,0,0,0,27,0
"West Virginia","Monongalia",2026,50,43,7,0,0,0,0,60,52,38,0,0,27,23,0
"West Virginia","Ohio",2026,49,39,10,0,0,0,0,61,57,36,0,0,27,22,0
"West Virginia","Tucker",2026,90,89,1,0,0,0,0,51,45,37,0,0,90,0,0
"West Virginia","Wood",2026,45,37,8,0,0,0,0,64,55,37,0,0,25,20,0
"Wisconsin","Ashland",2026,90,83,7,0,0,0,0,60,46,36,0,0,74,16,0
"Wisconsin","Brown",2026,90,63,27,0,0,0,0,80,65,32,0,0,1,89,0
"Wisconsin","Columbia",2026,2,2,0,0,0,0,0,48,48,48,0,0,2,0,0
"Wisconsin","Dane",2026,90,64,26,0,0,0,0,80,67,37,0,0,0,90,0
"Wisconsin","Dodge",2026,91,63,28,0,0,0,0,80,65,38,1,0,46,44,0
"Wisconsin","Door",2026,2,2,0,0,0,0,0,44,44,44,0,0,2,0,0
"Wisconsin","Eau Claire",2026,90,65,25,0,0,0,0,72,62,34,0,0,1,89,0
"Wisconsin","Fond du Lac",2026,2,2,0,0,0,0,0,48,48,48,0,0,2,0,0
"Wisconsin","Forest",2026,89,79,10,0,0,0,0,74,52,37,0,0,62,27,0
"Wisconsin","Grant",2026,90,68,22,0,0,0,0,77,63,36,0,0,0,90,0
"Wisconsin","Jackson",2026,90,62,28,0,0,0,0,71,61,38,0,0,0,90,0
"Wisconsin","Jefferson",2026,2,2,0,0,0,0,0,47,47,47,0,0,2,0,0
"Wisconsin","Kenosha",2026,90,66,24,0,0,0,0,80,60,38,0,0,21,69,0
"Wisconsin","Kewaunee",2026,2,2,0,0,0,0,0,44,44,44,0,0,2,0,0
"Wisconsin","La Crosse",2026,2,2,0,0,0,0,0,49,49,49,0,0,2,0,0
"Wisconsin","Manitowoc",2026,2,2,0,0,0,0,0,40,40,40,0,0,2,0,0
"Wisconsin","Marathon",2026,90,69,21,0,0,0,0,71,58,26,0,0,1,89,0
"Wisconsin","Milwaukee",2026,91,53,38,0,0,0,0,92,66,45,1,7,0,74,9
"Wisconsin","Monroe",2026,90,59,31,0,0,0,0,73,65,39,0,0,0,90,0
"Wisconsin","Outagamie",2026,90,61,29,0,0,0,0,79,66,33,0,0,1,89,0
"Wisconsin","Ozaukee",2026,90,68,22,0,0,0,0,78,61,24,0,0,1,89,0
"Wisconsin","Racine",2026,2,2,0,0,0,0,0,47,47,47,0,0,2,0,0
"Wisconsin","Rock",2026,2,1,1,0,0,0,0,51,51,51,0,0,2,0,0
"Wisconsin","Sauk",2026,89,69,20,0,0,0,0,80,61,30,0,0,1,88,0
"Wisconsin","Sheboygan",2026,2,2,0,0,0,0,0,42,42,42,0,0,2,0,0
"Wisconsin","Taylor",2026,90,90,0,0,0,0,0,50,43,36,0,0,90,0,0
"Wisconsin","Vilas",2026,2,2,0,0,0,0,0,42,42,42,0,0,2,0,0
"Wisconsin","Walworth",2026,2,2,0,0,0,0,0,35,35,35,0,0,2,0,0
"Wisconsin","Waukesha",2026,90,62,28,0,0,0,0,90,68,35,0,0,1,89,0
"Wyoming","Albany",2026,115,74,34,2,4,0,1,729,83,46,0,0,54,25,36
"Wyoming","Campbell",2026,91,59,30,2,0,0,0,122,66,44,1,0,44,1,45
"Wyoming","Carbon",2026,92,92,0,0,0,0,0,50,45,41,1,1,86,4,0
"Wyoming","Converse",2026,90,81,9,0,0,0,0,90,51,28,0,0,0,0,90
"Wyoming","Fremont",2026,90,79,11,0,0,0,0,61,51,45,0,0,82,7,1
"Wyoming","Laramie",2026,16,15,1,0,0,0,0,70,24,7,0,0,0,16,0
"Wyoming","Lincoln",2026,90,90,0,0,0,0,0,24,16,7,0,0,0,0,90
"Wyoming","Natrona",2026,90,90,0,0,0,0,0,49,44,40,0,2,87,1,0
"Wyoming","Park",2026,113,113,0,0,0,0,0,33,14,8,0,0,0,113,0
"Wyoming","Sheridan",2026,90,90,0,0,0,0,0,47,35,21,0,0,0,75,15
"Wyoming","Sublette",2026,90,85,5,0,0,0,0,67,48,45,0,0,90,0,0
"Wyoming","Sweetwater",2026,90,83,6,0,0,0,1,846,48,41,0,0,76,0,14
"Wyoming","Teton",2026,120,109,11,0,0,0,0,93,50,42,0,0,119,1,0
"Wyoming","Uinta",2026,82,82,0,0,0,0,0,20,9,4,0,0,0,0,82
"Wyoming","Washakie",2026,116,115,1,0,0,0,0,51,11,3,0,0,0,116,0
